method,auc_mean,auc_std
LODO no adaptation (RF),0.5150264037272685,0.032924970131336356
LODO + CORAL (RF),0.475619079038285,0.1364803652547725
LODO + CORAL (LogReg),0.44488261021082526,0.1217782118956568
