train,test,auc,bal_acc,n_test
PhysioNet(all),PASCAL,0.44421057629693944,0.4765221402214022,1764
