held_out,auc,f1,bal_acc,n_test
a,0.4582894274675097,0.1834319526627219,0.4889796276782578,8221
b,0.5896397967317656,0.37073170731707317,0.567457154244719,1952
c,0.494047619047619,0.48484848484848486,0.5952380952380952,977
d,0.5112433862433863,0.3181818181818182,0.4583333333333333,476
e,0.5345660510055427,0.14413466596528143,0.47058864571297804,29705
f,0.5011029411764706,0.24561403508771928,0.5029411764705882,2347
