database,source_auc
a,0.9953246940690109
b,0.9964508184847168
c,0.9961391848304173
d,0.9911090067340068
e,0.9988808720779747
f,0.9999928035809381
