database,within_auc,within_std,n_pos,n_neg
a,0.8197385653323007,0.011655122889944108,5867,2354
b,0.8666908940140968,0.04947688165054639,411,1541
c,1.0,0.0,803,174
d,0.9813492063492064,0.017288111833961863,303,173
e,0.9999786803112675,3.015059295112399e-05,2236,27469
f,0.56099209486166,0.019616536355162396,691,1656
